Código da Unidade da Federação,Nome da Unidade da Federação,Código do Município,Nome do Município,Ano de Instalação do Município
11,Rondônia,1100015,Alta Floresta D'Oeste,1986
11,Rondônia,1100023,Ariquemes,1977
11,Rondônia,1100031,Cabixi,1989
11,Rondônia,1100049,Cacoal,1977
11,Rondônia,1100056,Cerejeiras,1983
11,Rondônia,1100064,Colorado do Oeste,1981
11,Rondônia,1100072,Corumbiara,1993
11,Rondônia,1100080,Costa Marques,1981
11,Rondônia,1100098,Espigão D'Oeste,1981
11,Rondônia,1100106,Guajará-Mirim,1943
11,Rondônia,1100114,Jaru,1981
11,Rondônia,1100122,Ji-Paraná,1977
11,Rondônia,1100130,Machadinho D'Oeste,1989
11,Rondônia,1100148,Nova Brasilândia D'Oeste,1989
11,Rondônia,1100155,Ouro Preto do Oeste,1981
11,Rondônia,1100189,Pimenta Bueno,1977
11,Rondônia,1100205,Porto Velho,1943
11,Rondônia,1100254,Presidente Médici,1981
11,Rondônia,1100262,Rio Crespo,1993
11,Rondônia,1100288,Rolim de Moura,1983
11,Rondônia,1100296,Santa Luzia D'Oeste,1986
11,Rondônia,1100304,Vilhena,1977
11,Rondônia,1100320,São Miguel do Guaporé,1989
11,Rondônia,1100338,Nova Mamoré,1989
11,Rondônia,1100346,Alvorada D'Oeste,1986
11,Rondônia,1100379,Alto Alegre dos Parecis,1997
11,Rondônia,1100403,Alto Paraíso,1993
11,Rondônia,1100452,Buritis,1997
11,Rondônia,1100502,Novo Horizonte do Oeste,1993
11,Rondônia,1100601,Cacaulândia,1993
11,Rondônia,1100700,Campo Novo de Rondônia,1993
11,Rondônia,1100809,Candeias do Jamari,1993
11,Rondônia,1100908,Castanheiras,1993
11,Rondônia,1100924,Chupinguaia,1997
11,Rondônia,1100940,Cujubim,1997
11,Rondônia,1101005,Governador Jorge Teixeira,1993
11,Rondônia,1101104,Itapuã do Oeste,1993
11,Rondônia,1101203,Ministro Andreazza,1993
11,Rondônia,1101302,Mirante da Serra,1993
11,Rondônia,1101401,Monte Negro,1993
11,Rondônia,1101435,Nova União,1997
11,Rondônia,1101450,Parecis,1997
11,Rondônia,1101468,Pimenteiras do Oeste,1997
11,Rondônia,1101476,Primavera de Rondônia,1997
11,Rondônia,1101484,São Felipe D'Oeste,1997
11,Rondônia,1101492,São Francisco do Guaporé,1997
11,Rondônia,1101500,Seringueiras,1993
11,Rondônia,1101559,Teixeirópolis,1997
11,Rondônia,1101609,Theobroma,1993
11,Rondônia,1101708,Urupá,1993
11,Rondônia,1101757,Vale do Anari,1997
11,Rondônia,1101807,Vale do Paraíso,1993
12,Acre,1200013,Acrelândia,1993
12,Acre,1200054,Assis Brasil,1976
12,Acre,1200104,Brasiléia,1938
12,Acre,1200138,Bujari,1993
12,Acre,1200179,Capixaba,1993
12,Acre,1200203,Cruzeiro do Sul,1904
12,Acre,1200252,Epitaciolândia,1993
12,Acre,1200302,Feijó,1906
12,Acre,1200328,Jordão,1993
12,Acre,1200336,Mâncio Lima,1976
12,Acre,1200344,Manoel Urbano,1976
12,Acre,1200351,Marechal Thaumaturgo,1993
12,Acre,1200385,Plácido de Castro,1976
12,Acre,1200393,Porto Walter,1993
12,Acre,1200401,Rio Branco,1904
12,Acre,1200427,Rodrigues Alves,1993
12,Acre,1200435,Santa Rosa do Purus,1993
12,Acre,1200450,Senador Guiomard,1976
12,Acre,1200500,Sena Madureira,1904
12,Acre,1200609,Tarauacá,1907
12,Acre,1200708,Xapuri,1904
12,Acre,1200807,Porto Acre,1993
13,Amazonas,1300029,Alvarães,1985
13,Amazonas,1300060,Amaturá,1985
13,Amazonas,1300086,Anamã,1985
13,Amazonas,1300102,Anori,1985
13,Amazonas,1300144,Apuí,1989
13,Amazonas,1300201,Atalaia do Norte,1955
13,Amazonas,1300300,Autazes,1985
13,Amazonas,1300409,Barcelos,1931
13,Amazonas,1300508,Barreirinha,1935
13,Amazonas,1300607,Benjamin Constant,1931
13,Amazonas,1300631,Beruri,1985
13,Amazonas,1300680,Boa Vista do Ramos,1985
13,Amazonas,1300706,Boca do Acre,1934
13,Amazonas,1300805,Borba,1888
13,Amazonas,1300839,Caapiranga,1985
13,Amazonas,1300904,Canutama,1931
13,Amazonas,1301001,Carauari,1931
13,Amazonas,1301100,Careiro,1955
13,Amazonas,1301159,Careiro da Várzea,1989
13,Amazonas,1301209,Coari,1874
13,Amazonas,1301308,Codajás,1875
13,Amazonas,1301407,Eirunepé,1894
13,Amazonas,1301506,Envira,1955
13,Amazonas,1301605,Fonte Boa,1891
13,Amazonas,1301654,Guajará,1989
13,Amazonas,1301704,Humaitá,1890
13,Amazonas,1301803,Ipixuna,1955
13,Amazonas,1301852,Iranduba,1985
13,Amazonas,1301902,Itacoatiara,1874
13,Amazonas,1301951,Itamarati,1985
13,Amazonas,1302009,Itapiranga,1935
13,Amazonas,1302108,Japurá,1955
13,Amazonas,1302207,Juruá,1955
13,Amazonas,1302306,Jutaí,1955
13,Amazonas,1302405,Lábrea,1881
13,Amazonas,1302504,Manacapuru,1894
13,Amazonas,1302553,Manaquiri,1985
13,Amazonas,1302603,Manaus,1833
13,Amazonas,1302702,Manicoré,1877
13,Amazonas,1302801,Maraã,1955
13,Amazonas,1302900,Maués,1833
13,Amazonas,1303007,Nhamundá,1955
13,Amazonas,1303106,Nova Olinda do Norte,1955
13,Amazonas,1303205,Novo Airão,1955
13,Amazonas,1303304,Novo Aripuanã,1955
13,Amazonas,1303403,Parintins,1848
13,Amazonas,1303502,Pauini,1955
13,Amazonas,1303536,Presidente Figueiredo,1985
13,Amazonas,1303569,Rio Preto da Eva,1985
13,Amazonas,1303601,Santa Isabel do Rio Negro,1956
13,Amazonas,1303700,Santo Antônio do Içá,1955
13,Amazonas,1303809,São Gabriel da Cachoeira,1935
13,Amazonas,1303908,São Paulo de Olivença,1882
13,Amazonas,1303957,São Sebastião do Uatumã,1985
13,Amazonas,1304005,Silves,1985
13,Amazonas,1304062,Tabatinga,1981
13,Amazonas,1304104,Tapauá,1955
13,Amazonas,1304203,Tefé,1759
13,Amazonas,1304237,Tonantins,1985
13,Amazonas,1304260,Uarini,1985
13,Amazonas,1304302,Urucará,1887
13,Amazonas,1304401,Urucurituba,1935
14,Roraima,1400027,Amajari,1997
14,Roraima,1400050,Alto Alegre,1982
14,Roraima,1400100,Boa Vista,1943
14,Roraima,1400159,Bonfim,1982
14,Roraima,1400175,Cantá,1997
14,Roraima,1400209,Caracaraí,1955
14,Roraima,1400233,Caroebe,1997
14,Roraima,1400282,Iracema,1997
14,Roraima,1400308,Mucajaí,1982
14,Roraima,1400407,Normandia,1982
14,Roraima,1400456,Pacaraima,1997
14,Roraima,1400472,Rorainópolis,1997
14,Roraima,1400506,São João da Baliza,1982
14,Roraima,1400605,São Luiz,1982
14,Roraima,1400704,Uiramutã,1997
15,Pará,1500107,Abaetetuba,1880
15,Pará,1500131,Abel Figueiredo,1993
15,Pará,1500206,Acará,1932
15,Pará,1500305,Afuá,1890
15,Pará,1500347,Água Azul do Norte,1993
15,Pará,1500404,Alenquer,1848
15,Pará,1500503,Almeirim,1930
15,Pará,1500602,Altamira,1911
15,Pará,1500701,Anajás,1938
15,Pará,1500800,Ananindeua,1943
15,Pará,1500859,Anapu,1997
15,Pará,1500909,Augusto Corrêa,1961
15,Pará,1500958,Aurora do Pará,1993
15,Pará,1501006,Aveiro,1961
15,Pará,1501105,Bagre,1961
15,Pará,1501204,Baião,1833
15,Pará,1501253,Bannach,1997
15,Pará,1501303,Barcarena,1943
15,Pará,1501402,Belém,1616
15,Pará,1501451,Belterra,1997
15,Pará,1501501,Benevides,1961
15,Pará,1501576,Bom Jesus do Tocantins,1989
15,Pará,1501600,Bonito,1961
15,Pará,1501709,Bragança,1753
15,Pará,1501725,Brasil Novo,1993
15,Pará,1501758,Brejo Grande do Araguaia,1989
15,Pará,1501782,Breu Branco,1993
15,Pará,1501808,Breves,1851
15,Pará,1501907,Bujaru,1943
15,Pará,1501956,Cachoeira do Piriá,1997
15,Pará,1502004,Cachoeira do Arari,1935
15,Pará,1502103,Cametá,1635
15,Pará,1502152,Canaã dos Carajás,1997
15,Pará,1502202,Capanema,1902
15,Pará,1502301,Capitão Poço,1961
15,Pará,1502400,Castanhal,1932
15,Pará,1502509,Chaves,1755
15,Pará,1502608,Colares,1961
15,Pará,1502707,Conceição do Araguaia,1935
15,Pará,1502756,Concórdia do Pará,1989
15,Pará,1502764,Cumaru do Norte,1993
15,Pará,1502772,Curionópolis,1989
15,Pará,1502806,Curralinho,1865
15,Pará,1502855,Curuá,1997
15,Pará,1502905,Curuçá,1933
15,Pará,1502939,Dom Eliseu,1989
15,Pará,1502954,Eldorado dos Carajás,1993
15,Pará,1503002,Faro,1935
15,Pará,1503044,Floresta do Araguaia,1997
15,Pará,1503077,Garrafão do Norte,1989
15,Pará,1503093,Goianésia do Pará,1993
15,Pará,1503101,Gurupá,1639
15,Pará,1503200,Igarapé-Açu,1906
15,Pará,1503309,Igarapé-Miri,1930
15,Pará,1503408,Inhangapi,1943
15,Pará,1503457,Ipixuna do Pará,1993
15,Pará,1503507,Irituia,1935
15,Pará,1503606,Itaituba,1935
15,Pará,1503705,Itupiranga,1947
15,Pará,1503754,Jacareacanga,1993
15,Pará,1503804,Jacundá,1961
15,Pará,1503903,Juruti,1935
15,Pará,1504000,Limoeiro do Ajuru,1961
15,Pará,1504059,Mãe do Rio,1989
15,Pará,1504109,Magalhães Barata,1961
15,Pará,1504208,Marabá,1913
15,Pará,1504307,Maracanã,1755
15,Pará,1504406,Marapanim,1931
15,Pará,1504422,Marituba,1997
15,Pará,1504455,Medicilândia,1989
15,Pará,1504505,Melgaço,1961
15,Pará,1504604,Mocajuba,1935
15,Pará,1504703,Moju,1935
15,Pará,1504802,Monte Alegre,1755
15,Pará,1504901,Muaná,1833
15,Pará,1504950,Nova Esperança do Piriá,1993
15,Pará,1504976,Nova Ipixuna,1997
15,Pará,1505007,Nova Timboteua,1943
15,Pará,1505031,Novo Progresso,1993
15,Pará,1505064,Novo Repartimento,1993
15,Pará,1505106,Óbidos,1755
15,Pará,1505205,Oeiras do Pará,1938
15,Pará,1505304,Oriximiná,1934
15,Pará,1505403,Ourém,1933
15,Pará,1505437,Ourilândia do Norte,1989
15,Pará,1505486,Pacajá,1989
15,Pará,1505494,Palestina do Pará,1993
15,Pará,1505502,Paragominas,1965
15,Pará,1505536,Parauapebas,1989
15,Pará,1505551,Pau D'Arco,1993
15,Pará,1505601,Peixe-Boi,1961
15,Pará,1505635,Piçarra,1997
15,Pará,1505650,Placas,1997
15,Pará,1505700,Ponta de Pedras,1877
15,Pará,1505809,Portel,1935
15,Pará,1505908,Porto de Moz,1937
15,Pará,1506005,Prainha,1935
15,Pará,1506104,Primavera,1961
15,Pará,1506112,Quatipuru,1997
15,Pará,1506138,Redenção,1982
15,Pará,1506161,Rio Maria,1982
15,Pará,1506187,Rondon do Pará,1982
15,Pará,1506195,Rurópolis,1989
15,Pará,1506203,Salinópolis,1933
15,Pará,1506302,Salvaterra,1961
15,Pará,1506351,Santa Bárbara do Pará,1993
15,Pará,1506401,Santa Cruz do Arari,1961
15,Pará,1506500,Santa Isabel do Pará,1933
15,Pará,1506559,Santa Luzia do Pará,1993
15,Pará,1506583,Santa Maria das Barreiras,1989
15,Pará,1506609,Santa Maria do Pará,1961
15,Pará,1506708,Santana do Araguaia,1961
15,Pará,1506807,Santarém,1755
15,Pará,1506906,Santarém Novo,1961
15,Pará,1507003,Santo Antônio do Tauá,1961
15,Pará,1507102,São Caetano de Odivelas,1935
15,Pará,1507151,São Domingos do Araguaia,1993
15,Pará,1507201,São Domingos do Capim,1890
15,Pará,1507300,São Félix do Xingu,1961
15,Pará,1507409,São Francisco do Pará,1943
15,Pará,1507458,São Geraldo do Araguaia,1989
15,Pará,1507466,São João da Ponta,1997
15,Pará,1507474,São João de Pirabas,1989
15,Pará,1507508,São João do Araguaia,1961
15,Pará,1507607,São Miguel do Guamá,1870
15,Pará,1507706,São Sebastião da Boa Vista,1943
15,Pará,1507755,Sapucaia,1997
15,Pará,1507805,Senador José Porfírio,1961
15,Pará,1507904,Soure,1847
15,Pará,1507953,Tailândia,1989
15,Pará,1507961,Terra Alta,1993
15,Pará,1507979,Terra Santa,1993
15,Pará,1508001,Tomé-Açu,1959
15,Pará,1508035,Tracuateua,1997
15,Pará,1508050,Trairão,1993
15,Pará,1508084,Tucumã,1989
15,Pará,1508100,Tucuruí,1947
15,Pará,1508126,Ulianópolis,1993
15,Pará,1508159,Uruará,1989
15,Pará,1508209,Vigia,1698
15,Pará,1508308,Viseu,1935
15,Pará,1508357,Vitória do Xingu,1993
15,Pará,1508407,Xinguara,1982
16,Amapá,1600055,Serra do Navio,1993
16,Amapá,1600105,Amapá,1956
16,Amapá,1600154,Pedra Branca do Amapari,1993
16,Amapá,1600204,Calçoene,1956
16,Amapá,1600212,Cutias,1993
16,Amapá,1600238,Ferreira Gomes,1989
16,Amapá,1600253,Itaubal,1993
16,Amapá,1600279,Laranjal do Jari,1989
16,Amapá,1600303,Macapá,1943
16,Amapá,1600402,Mazagão,1841
16,Amapá,1600501,Oiapoque,1945
16,Amapá,1600535,Porto Grande,1993
16,Amapá,1600550,Pracuúba,1993
16,Amapá,1600600,Santana,1989
16,Amapá,1600709,Tartarugalzinho,1989
16,Amapá,1600808,Vitória do Jari,1997
17,Tocantins,1700251,Abreulândia,1993
17,Tocantins,1700301,Aguiarnópolis,1997
17,Tocantins,1700350,Aliança do Tocantins,1989
17,Tocantins,1700400,Almas,1959
17,Tocantins,1700707,Alvorada,1964
17,Tocantins,1701002,Ananás,1964
17,Tocantins,1701051,Angico,1993
17,Tocantins,1701101,Aparecida do Rio Negro,1989
17,Tocantins,1701309,Aragominas,1993
17,Tocantins,1701903,Araguacema,1939
17,Tocantins,1702000,Araguaçu,1959
17,Tocantins,1702109,Araguaína,1959
17,Tocantins,1702158,Araguanã,1993
17,Tocantins,1702208,Araguatins,1949
17,Tocantins,1702307,Arapoema,1964
17,Tocantins,1702406,Arraias,1939
17,Tocantins,1702554,Augustinópolis,1983
17,Tocantins,1702703,Aurora do Tocantins,1964
17,Tocantins,1702901,Axixá do Tocantins,1964
17,Tocantins,1703008,Babaçulândia,1954
17,Tocantins,1703057,Bandeirantes do Tocantins,1997
17,Tocantins,1703073,Barra do Ouro,1997
17,Tocantins,1703107,Barrolândia,1989
17,Tocantins,1703206,Bernardo Sayão,1989
17,Tocantins,1703305,Bom Jesus do Tocantins,1993
17,Tocantins,1703602,Brasilândia do Tocantins,1993
17,Tocantins,1703701,Brejinho de Nazaré,1959
17,Tocantins,1703800,Buriti do Tocantins,1989
17,Tocantins,1703826,Cachoeirinha,1993
17,Tocantins,1703842,Campos Lindos,1993
17,Tocantins,1703867,Cariri do Tocantins,1993
17,Tocantins,1703883,Carmolândia,1993
17,Tocantins,1703891,Carrasco Bonito,1993
17,Tocantins,1703909,Caseara,1989
17,Tocantins,1704105,Centenário,1993
17,Tocantins,1704600,Chapada de Areia,1997
17,Tocantins,1705102,Chapada da Natividade,1997
17,Tocantins,1705508,Colinas do Tocantins,1964
17,Tocantins,1705557,Combinado,1989
17,Tocantins,1705607,Conceição do Tocantins,1964
17,Tocantins,1706001,Couto de Magalhães,1964
17,Tocantins,1706100,Cristalândia,1954
17,Tocantins,1706258,Crixás do Tocantins,1997
17,Tocantins,1706506,Darcinópolis,1993
17,Tocantins,1707009,Dianópolis,1939
17,Tocantins,1707108,Divinópolis do Tocantins,1989
17,Tocantins,1707207,Dois Irmãos do Tocantins,1964
17,Tocantins,1707306,Dueré,1959
17,Tocantins,1707405,Esperantina,1993
17,Tocantins,1707553,Fátima,1983
17,Tocantins,1707652,Figueirópolis,1983
17,Tocantins,1707702,Filadélfia,1949
17,Tocantins,1708205,Formoso do Araguaia,1964
17,Tocantins,1708254,Fortaleza do Tabocão,1993
17,Tocantins,1708304,Goianorte,1989
17,Tocantins,1709005,Goiatins,1954
17,Tocantins,1709302,Guaraí,1954
17,Tocantins,1709500,Gurupi,1959
17,Tocantins,1709807,Ipueiras,1997
17,Tocantins,1710508,Itacajá,1954
17,Tocantins,1710706,Itaguatins,1939
17,Tocantins,1710904,Itapiratins,1993
17,Tocantins,1711100,Itaporã do Tocantins,1964
17,Tocantins,1711506,Jaú do Tocantins,1993
17,Tocantins,1711803,Juarina,1993
17,Tocantins,1711902,Lagoa da Confusão,1993
17,Tocantins,1711951,Lagoa do Tocantins,1993
17,Tocantins,1712009,Lajeado,1993
17,Tocantins,1712157,Lavandeira,1997
17,Tocantins,1712405,Lizarda,1954
17,Tocantins,1712454,Luzinópolis,1997
17,Tocantins,1712504,Marianópolis do Tocantins,1989
17,Tocantins,1712702,Mateiros,1993
17,Tocantins,1712801,Maurilândia do Tocantins,1993
17,Tocantins,1713205,Miracema do Tocantins,1949
17,Tocantins,1713304,Miranorte,1964
17,Tocantins,1713601,Monte do Carmo,1964
17,Tocantins,1713700,Monte Santo do Tocantins,1997
17,Tocantins,1713809,Palmeiras do Tocantins,1993
17,Tocantins,1713957,Muricilândia,1993
17,Tocantins,1714203,Natividade,1939
17,Tocantins,1714302,Nazaré,1959
17,Tocantins,1714880,Nova Olinda,1983
17,Tocantins,1715002,Nova Rosalândia,1989
17,Tocantins,1715101,Novo Acordo,1959
17,Tocantins,1715150,Novo Alegre,1993
17,Tocantins,1715259,Novo Jardim,1993
17,Tocantins,1715507,Oliveira de Fátima,1997
17,Tocantins,1715705,Palmeirante,1993
17,Tocantins,1715754,Palmeirópolis,1993
17,Tocantins,1716109,Paraíso do Tocantins,1964
17,Tocantins,1716208,Paranã,1939
17,Tocantins,1716307,Pau D'Arco,1993
17,Tocantins,1716505,Pedro Afonso,1937
17,Tocantins,1716604,Peixe,1939
17,Tocantins,1716653,Pequizeiro,1989
17,Tocantins,1716703,Colméia,1964
17,Tocantins,1717008,Pindorama do Tocantins,1964
17,Tocantins,1717206,Piraquê,1993
17,Tocantins,1717503,Pium,1954
17,Tocantins,1717800,Ponte Alta do Bom Jesus,1959
17,Tocantins,1717909,Ponte Alta do Tocantins,1959
17,Tocantins,1718006,Porto Alegre do Tocantins,1989
17,Tocantins,1718204,Porto Nacional,1939
17,Tocantins,1718303,Praia Norte,1989
17,Tocantins,1718402,Presidente Kennedy,1959
17,Tocantins,1718451,Pugmil,1997
17,Tocantins,1718501,Recursolândia,1993
17,Tocantins,1718550,Riachinho,1993
17,Tocantins,1718659,Rio da Conceição,1993
17,Tocantins,1718709,Rio dos Bois,1993
17,Tocantins,1718758,Rio Sono,1983
17,Tocantins,1718808,Sampaio,1989
17,Tocantins,1718840,Sandolândia,1993
17,Tocantins,1718865,Santa Fé do Araguaia,1993
17,Tocantins,1718881,Santa Maria do Tocantins,1993
17,Tocantins,1718899,Santa Rita do Tocantins,1997
17,Tocantins,1718907,Santa Rosa do Tocantins,1989
17,Tocantins,1719004,Santa Tereza do Tocantins,1989
17,Tocantins,1720002,Santa Terezinha do Tocantins,1997
17,Tocantins,1720101,São Bento do Tocantins,1993
17,Tocantins,1720150,São Félix do Tocantins,1993
17,Tocantins,1720200,São Miguel do Tocantins,1993
17,Tocantins,1720259,São Salvador do Tocantins,1993
17,Tocantins,1720309,São Sebastião do Tocantins,1964
17,Tocantins,1720499,São Valério da Natividade,1989
17,Tocantins,1720655,Silvanópolis,1983
17,Tocantins,1720804,Sítio Novo do Tocantins,1964
17,Tocantins,1720853,Sucupira,1993
17,Tocantins,1720903,Taguatinga,1939
17,Tocantins,1720937,Taipas do Tocantins,1993
17,Tocantins,1720978,Talismã,1997
17,Tocantins,1721000,Palmas,1989
17,Tocantins,1721109,Tocantínia,1954
17,Tocantins,1721208,Tocantinópolis,1939
17,Tocantins,1721257,Tupirama,1997
17,Tocantins,1721307,Tupiratins,1993
17,Tocantins,1722081,Wanderlândia,1983
17,Tocantins,1722107,Xambioá,1958
21,Maranhão,2100055,Açailândia,1981
21,Maranhão,2100204,Alcântara,1648
21,Maranhão,2100402,Altamira do Maranhão,1961
21,Maranhão,2100436,Alto Alegre do Maranhão,1997
21,Maranhão,2100477,Alto Alegre do Pindaré,1997
21,Maranhão,2100501,Alto Parnaíba,1881
21,Maranhão,2100550,Amapá do Maranhão,1997
21,Maranhão,2100600,Amarante do Maranhão,1953
21,Maranhão,2100709,Anajatuba,1935
21,Maranhão,2100832,Apicum-Açu,1997
21,Maranhão,2100873,Araguanã,1997
21,Maranhão,2100956,Arame,1988
21,Maranhão,2101004,Arari,1864
21,Maranhão,2101103,Axixá,1935
21,Maranhão,2101202,Bacabal,1920
21,Maranhão,2101251,Bacabeira,1997
21,Maranhão,2101350,Bacurituba,1997
21,Maranhão,2101400,Balsas,1892
21,Maranhão,2101608,Barra do Corda,1854
21,Maranhão,2101772,Bela Vista do Maranhão,1997
21,Maranhão,2101806,Benedito Leite,1935
21,Maranhão,2101905,Bequimão,1935
21,Maranhão,2101939,Bernardo do Mearim,1997
21,Maranhão,2101970,Boa Vista do Gurupi,1997
21,Maranhão,2102002,Bom Jardim,1966
21,Maranhão,2102036,Bom Jesus das Selvas,1997
21,Maranhão,2102077,Bom Lugar,1997
21,Maranhão,2102150,Brejo de Areia,1997
21,Maranhão,2102309,Buriti Bravo,1935
21,Maranhão,2102325,Buriticupu,1997
21,Maranhão,2102358,Buritirana,1997
21,Maranhão,2102374,Cachoeira Grande,1997
21,Maranhão,2102408,Cajapió,1935
21,Maranhão,2102507,Cajari,1948
21,Maranhão,2102556,Campestre do Maranhão,1997
21,Maranhão,2102606,Cândido Mendes,1948
21,Maranhão,2102705,Cantanhede,1952
21,Maranhão,2102754,Capinzal do Norte,1997
21,Maranhão,2102804,Carolina,1831
21,Maranhão,2102903,Carutapera,1935
21,Maranhão,2103109,Cedral,1964
21,Maranhão,2103109,Cedral,1964
21,Maranhão,2103125,Central do Maranhão,1997
21,Maranhão,2103158,Centro do Guilherme,1997
21,Maranhão,2103174,Centro Novo do Maranhão,1997
21,Maranhão,2103257,Cidelândia,1997
21,Maranhão,2103307,Codó,1833
21,Maranhão,2103505,Colinas,1870
21,Maranhão,2103554,Conceição do Lago-Açu,1997
21,Maranhão,2103604,Coroatá,1843
21,Maranhão,2103703,Cururupu,1841
21,Maranhão,2103703,Cururupu,1841
21,Maranhão,2103752,Davinópolis,1997
21,Maranhão,2103802,Dom Pedro,1952
21,Maranhão,2104008,Esperantinópolis,1954
21,Maranhão,2104057,Estreito,1982
21,Maranhão,2104073,Feira Nova do Maranhão,1997
21,Maranhão,2104081,Fernando Falcão,1997
21,Maranhão,2104099,Formosa da Serra Negra,1997
21,Maranhão,2104107,Fortaleza dos Nogueiras,1961
21,Maranhão,2104206,Fortuna,1959
21,Maranhão,2104305,Godofredo Viana,1964
21,Maranhão,2104404,Gonçalves Dias,1958
21,Maranhão,2104503,Governador Archer,1959
21,Maranhão,2104552,Governador Edison Lobão,1997
21,Maranhão,2104602,Governador Eugênio Barros,1961
21,Maranhão,2104628,Governador Luiz Rocha,1997
21,Maranhão,2104651,Governador Newton Bello,1997
21,Maranhão,2104677,Governador Nunes Freire,1997
21,Maranhão,2104701,Graça Aranha,1959
21,Maranhão,2104800,Grajaú,1835
21,Maranhão,2104909,Guimarães,1758
21,Maranhão,2105104,Icatu,1688
21,Maranhão,2105153,Igarapé do Meio,1997
21,Maranhão,2105203,Igarapé Grande,1961
21,Maranhão,2105302,Imperatriz,1856
21,Maranhão,2105351,Itaipava do Grajaú,1997
21,Maranhão,2105401,Itapecuru Mirim,1818
21,Maranhão,2105427,Itinga do Maranhão,1997
21,Maranhão,2105450,Jatobá,1997
21,Maranhão,2105476,Jenipapo dos Vieiras,1997
21,Maranhão,2105500,João Lisboa,1961
21,Maranhão,2105609,Joselândia,1961
21,Maranhão,2105658,Junco do Maranhão,1997
21,Maranhão,2105708,Lago da Pedra,1952
21,Maranhão,2105807,Lago do Junco,1961
21,Maranhão,2105906,Lago Verde,1961
21,Maranhão,2105948,Lago dos Rodrigues,1997
21,Maranhão,2105963,Lagoa Grande do Maranhão,1997
21,Maranhão,2105989,Lajeado Novo,1997
21,Maranhão,2106003,Lima Campos,1961
21,Maranhão,2106102,Loreto,1873
21,Maranhão,2106201,Luís Domingues,1961
21,Maranhão,2106326,Maracaçumé,1997
21,Maranhão,2106359,Marajá do Sena,1997
21,Maranhão,2106375,Maranhãozinho,1997
21,Maranhão,2106508,Matinha,1948
21,Maranhão,2106631,Matões do Norte,1997
21,Maranhão,2106706,Mirador,1870
21,Maranhão,2106755,Miranda do Norte,1988
21,Maranhão,2106805,Mirinzal,1961
21,Maranhão,2106904,Monção,1935
21,Maranhão,2107001,Montes Altos,1958
21,Maranhão,2107100,Morros,1935
21,Maranhão,2107209,Nina Rodrigues,1961
21,Maranhão,2107258,Nova Colinas,1997
21,Maranhão,2107308,Nova Iorque,1886
21,Maranhão,2107357,Nova Olinda do Maranhão,1997
21,Maranhão,2107407,Olho d'Água das Cunhãs,1961
21,Maranhão,2107456,Olinda Nova do Maranhão,1997
21,Maranhão,2107506,Paço do Lumiar,1959
21,Maranhão,2107605,Palmeirândia,1959
21,Maranhão,2107704,Paraibano,1952
21,Maranhão,2108009,Pastos Bons,1880
21,Maranhão,2108108,Paulo Ramos,1968
21,Maranhão,2108207,Pedreiras,1889
21,Maranhão,2108256,Pedro do Rosário,1997
21,Maranhão,2108306,Penalva,1871
21,Maranhão,2108405,Peri Mirim,1935
21,Maranhão,2108454,Peritoró,1997
21,Maranhão,2108504,Pindaré-Mirim,1931
21,Maranhão,2108603,Pinheiro,1856
21,Maranhão,2108702,Pio XII,1959
21,Maranhão,2108801,Pirapemas,1952
21,Maranhão,2108900,Poção de Pedras,1961
21,Maranhão,2109007,Porto Franco,1919
21,Maranhão,2109056,Porto Rico do Maranhão,1997
21,Maranhão,2109106,Presidente Dutra,1943
21,Maranhão,2109205,Presidente Juscelino,1964
21,Maranhão,2109239,Presidente Médici,1997
21,Maranhão,2109270,Presidente Sarney,1997
21,Maranhão,2109304,Presidente Vargas,1964
21,Maranhão,2109452,Raposa,1997
21,Maranhão,2109502,Riachão,1835
21,Maranhão,2109551,Ribamar Fiquene,1997
21,Maranhão,2109601,Rosário,1835
21,Maranhão,2109700,Sambaíba,1953
21,Maranhão,2109759,Santa Filomena do Maranhão,1997
21,Maranhão,2109809,Santa Helena,1935
21,Maranhão,2109908,Santa Inês,1966
21,Maranhão,2110005,Santa Luzia,1959
21,Maranhão,2110039,Santa Luzia do Paruá,1987
21,Maranhão,2110203,Santa Rita,1961
21,Maranhão,2110302,Santo Antônio dos Lopes,1961
21,Maranhão,2110500,São Bento,1948
21,Maranhão,2110658,São Domingos do Azeitão,1997
21,Maranhão,2110708,São Domingos do Maranhão,1952
21,Maranhão,2110807,São Félix de Balsas,1959
21,Maranhão,2110856,São Francisco do Brejão,1997
21,Maranhão,2111003,São João Batista,1958
21,Maranhão,2111029,São João do Carú,1997
21,Maranhão,2111052,São João do Paraíso,1997
21,Maranhão,2111078,São João do Soter,1997
21,Maranhão,2111201,São José de Ribamar,1952
21,Maranhão,2111250,São José dos Basílios,1997
21,Maranhão,2111300,São Luís,1612
21,Maranhão,2111409,São Luís Gonzaga do Maranhão,1854
21,Maranhão,2111508,São Mateus do Maranhão,1961
21,Maranhão,2111532,São Pedro da Água Branca,1997
21,Maranhão,2111573,São Pedro dos Crentes,1997
21,Maranhão,2111607,São Raimundo das Mangabeiras,1948
21,Maranhão,2111631,São Raimundo do Doca Bezerra,1997
21,Maranhão,2111672,São Roberto,1997
21,Maranhão,2111706,São Vicente Ferrer,1864
21,Maranhão,2111722,Satubinha,1997
21,Maranhão,2111748,Senador Alexandre Costa,1997
21,Maranhão,2111763,Senador La Rocque,1997
21,Maranhão,2111789,Serrano do Maranhão,1997
21,Maranhão,2111805,Sítio Novo,1961
21,Maranhão,2111904,Sucupira do Norte,1961
21,Maranhão,2112001,Tasso Fragoso,1961
21,Maranhão,2112100,Timbiras,1935
21,Maranhão,2112233,Trizidela do Vale,1997
21,Maranhão,2112274,Tufilândia,1997
21,Maranhão,2112308,Tuntum,1955
21,Maranhão,2112407,Turiaçu,1818
21,Maranhão,2112456,Turilândia,1997
21,Maranhão,2112704,Vargem Grande,1935
21,Maranhão,2112803,Viana,1757
21,Maranhão,2112852,Vila Nova dos Martírios,1997
21,Maranhão,2112902,Vitória do Mearim,1835
21,Maranhão,2113009,Vitorino Freire,1952
21,Maranhão,2114007,Zé Doca,1988
51,Mato Grosso,5100102,Acorizal,1953
51,Mato Grosso,5100201,Água Boa,1979
51,Mato Grosso,5100250,Alta Floresta,1979
51,Mato Grosso,5100300,Alto Araguaia,1938
51,Mato Grosso,5100359,Alto Boa Vista,1993
51,Mato Grosso,5100409,Alto Garças,1953
51,Mato Grosso,5100508,Alto Paraguai,1953
51,Mato Grosso,5100607,Alto Taquari,1986
51,Mato Grosso,5100805,Apiacás,1989
51,Mato Grosso,5101001,Araguaiana,1986
51,Mato Grosso,5101209,Araguainha,1963
51,Mato Grosso,5101258,Araputanga,1979
51,Mato Grosso,5101308,Arenápolis,1953
51,Mato Grosso,5101407,Aripuanã,1943
51,Mato Grosso,5101605,Barão de Melgaço,1953
51,Mato Grosso,5101704,Barra do Bugres,1943
51,Mato Grosso,5101803,Barra do Garças,1914
51,Mato Grosso,5101852,Bom Jesus do Araguaia,2001
51,Mato Grosso,5101902,Brasnorte,1989
51,Mato Grosso,5102504,Cáceres,1859
51,Mato Grosso,5102603,Campinápolis,1986
51,Mato Grosso,5102637,Campo Novo do Parecis,1989
51,Mato Grosso,5102678,Campo Verde,1989
51,Mato Grosso,5102686,Campos de Júlio,1997
51,Mato Grosso,5102694,Canabrava do Norte,1993
51,Mato Grosso,5102702,Canarana,1979
51,Mato Grosso,5102793,Carlinda,1997
51,Mato Grosso,5102850,Castanheira,1989
51,Mato Grosso,5103007,Chapada dos Guimarães,1953
51,Mato Grosso,5103056,Cláudia,1989
51,Mato Grosso,5103106,Cocalinho,1986
51,Mato Grosso,5103205,Colíder,1979
51,Mato Grosso,5103254,Colniza,2001
51,Mato Grosso,5103304,Comodoro,1986
51,Mato Grosso,5103353,Confresa,1993
51,Mato Grosso,5103361,Conquista D'Oeste,2001
51,Mato Grosso,5103379,Cotriguaçu,1993
51,Mato Grosso,5103403,Cuiabá,1719
51,Mato Grosso,5103437,Curvelândia,2001
51,Mato Grosso,5103452,Denise,1982
51,Mato Grosso,5103502,Diamantino,1906
51,Mato Grosso,5103601,Dom Aquino,1958
51,Mato Grosso,5103700,Feliz Natal,1997
51,Mato Grosso,5103809,Figueirópolis D'Oeste,1986
51,Mato Grosso,5103858,Gaúcha do Norte,1997
51,Mato Grosso,5103908,General Carneiro,1963
51,Mato Grosso,5103957,Glória D'Oeste,1993
51,Mato Grosso,5104104,Guarantã do Norte,1986
51,Mato Grosso,5104203,Guiratinga,1943
51,Mato Grosso,5104500,Indiavaí,1986
51,Mato Grosso,5104526,Ipiranga do Norte,2005
51,Mato Grosso,5104542,Itanhangá,2005
51,Mato Grosso,5104559,Itaúba,1986
51,Mato Grosso,5104609,Itiquira,1953
51,Mato Grosso,5104807,Jaciara,1958
51,Mato Grosso,5104906,Jangada,1989
51,Mato Grosso,5105002,Jauru,1979
51,Mato Grosso,5105101,Juara,1981
51,Mato Grosso,5105150,Juína,1982
51,Mato Grosso,5105176,Juruena,1989
51,Mato Grosso,5105200,Juscimeira,1979
51,Mato Grosso,5105234,Lambari D'Oeste,1993
51,Mato Grosso,5105259,Lucas do Rio Verde,1989
51,Mato Grosso,5105309,Luciára,1963
51,Mato Grosso,5105507,Vila Bela da Santíssima Trindade,1746
51,Mato Grosso,5105580,Marcelândia,1986
51,Mato Grosso,5105606,Matupá,1989
51,Mato Grosso,5105622,Mirassol d'Oeste,1976
51,Mato Grosso,5105903,Nobres,1963
51,Mato Grosso,5106000,Nortelândia,1953
51,Mato Grosso,5106109,Nossa Senhora do Livramento,1883
51,Mato Grosso,5106158,Nova Bandeirantes,1993
51,Mato Grosso,5106174,Nova Nazaré,2001
51,Mato Grosso,5106182,Nova Lacerda,1997
51,Mato Grosso,5106190,Nova Santa Helena,2001
51,Mato Grosso,5106208,Nova Brasilândia,1979
51,Mato Grosso,5106216,Nova Canaã do Norte,1986
51,Mato Grosso,5106224,Nova Mutum,1989
51,Mato Grosso,5106232,Nova Olímpia,1986
51,Mato Grosso,5106240,Nova Ubiratã,1997
51,Mato Grosso,5106257,Nova Xavantina,1980
51,Mato Grosso,5106265,Novo Mundo,1997
51,Mato Grosso,5106273,Novo Horizonte do Norte,1976
51,Mato Grosso,5106281,Novo São Joaquim,1986
51,Mato Grosso,5106299,Paranaíta,1987
51,Mato Grosso,5106307,Paranatinga,1979
51,Mato Grosso,5106315,Novo Santo Antônio,2001
51,Mato Grosso,5106372,Pedra Preta,1976
51,Mato Grosso,5106422,Peixoto de Azevedo,1986
51,Mato Grosso,5106455,Planalto da Serra,1993
51,Mato Grosso,5106505,Poconé,1831
51,Mato Grosso,5106653,Pontal do Araguaia,1993
51,Mato Grosso,5106703,Ponte Branca,1953
51,Mato Grosso,5106752,Pontes e Lacerda,1979
51,Mato Grosso,5106778,Porto Alegre do Norte,1986
51,Mato Grosso,5106802,Porto dos Gaúchos,1963
51,Mato Grosso,5106828,Porto Esperidião,1986
51,Mato Grosso,5106851,Porto Estrela,1993
51,Mato Grosso,5107008,Poxoréo,1938
51,Mato Grosso,5107040,Primavera do Leste,1987
51,Mato Grosso,5107065,Querência,1993
51,Mato Grosso,5107107,São José dos Quatro Marcos,1979
51,Mato Grosso,5107156,Reserva do Cabaçal,1986
51,Mato Grosso,5107180,Ribeirão Cascalheira,1989
51,Mato Grosso,5107198,Ribeirãozinho,1993
51,Mato Grosso,5107206,Rio Branco,1979
51,Mato Grosso,5107248,Santa Carmem,1993
51,Mato Grosso,5107263,Santo Afonso,1993
51,Mato Grosso,5107297,São José do Povo,1993
51,Mato Grosso,5107305,São José do Rio Claro,1979
51,Mato Grosso,5107354,São José do Xingu,1993
51,Mato Grosso,5107404,São Pedro da Cipa,1993
51,Mato Grosso,5107578,Rondolândia,2001
51,Mato Grosso,5107602,Rondonópolis,1953
51,Mato Grosso,5107701,Rosário Oeste,1833
51,Mato Grosso,5107743,Santa Cruz do Xingu,2001
51,Mato Grosso,5107750,Salto do Céu,1979
51,Mato Grosso,5107768,Santa Rita do Trivelato,2001
51,Mato Grosso,5107776,Santa Terezinha,1980
51,Mato Grosso,5107792,Santo Antônio do Leste,2001
51,Mato Grosso,5107800,Santo Antônio do Leverger,1899
51,Mato Grosso,5107859,São Félix do Araguaia,1976
51,Mato Grosso,5107875,Sapezal,1997
51,Mato Grosso,5107883,Serra Nova Dourada,2001
51,Mato Grosso,5107909,Sinop,1979
51,Mato Grosso,5107925,Sorriso,1987
51,Mato Grosso,5107941,Tabaporã,1993
51,Mato Grosso,5107958,Tangará da Serra,1976
51,Mato Grosso,5108006,Tapurah,1989
51,Mato Grosso,5108055,Terra Nova do Norte,1986
51,Mato Grosso,5108105,Tesouro,1953
51,Mato Grosso,5108204,Torixoréu,1953
51,Mato Grosso,5108303,União do Sul,1997
51,Mato Grosso,5108352,Vale de São Domingos,2001
51,Mato Grosso,5108402,Várzea Grande,1948
51,Mato Grosso,5108501,Vera,1986
51,Mato Grosso,5108600,Vila Rica,1986
51,Mato Grosso,5108808,Nova Guarita,1993
51,Mato Grosso,5108857,Nova Marilândia,1993
51,Mato Grosso,5108907,Nova Maringá,1993
51,Mato Grosso,5108956,Nova Monte Verde,1993